facility_name,facility_id,state,measure_name,number_of_discharges,footnote,excess_readmission_ratio,predicted_readmission_rate,expected_readmission_rate,number_of_readmissions,start_date,end_date
ADVENTIST HEALTH AND RIDEOUT,50133,CA,READM-30-AMI,221.0,,1.036,13.6625,13.1872,32.0,07/01/2021,06/30/2024
ADVENTIST HEALTH ST HELENA,50013,CA,READM-30-HIP-KNEE,,,0.8656,5.5579,6.4208,,07/01/2021,06/30/2024
ADVENTIST HEALTH ST HELENA,50013,CA,READM-30-CABG,,1.0,,,,,07/01/2021,06/30/2024
ALTA BATES SUMMIT MEDICAL CENTER,50043,CA,READM-30-HF,544.0,,0.9524,19.0317,19.9835,100.0,07/01/2021,06/30/2024
CALIFORNIA PACIFIC MEDICAL CENTER - MISSION BERNAL,50055,CA,READM-30-HF,190.0,,1.0113,18.5261,18.3184,36.0,07/01/2021,06/30/2024
COMMUNITY HOSPITAL OF SAN BERNARDINO,50089,CA,READM-30-CABG,,5.0,,,,,07/01/2021,06/30/2024
COMMUNITY HOSPITAL OF SAN BERNARDINO,50089,CA,READM-30-COPD,,1.0,,,,,07/01/2021,06/30/2024
COMMUNITY REGIONAL MEDICAL CENTER,50060,CA,READM-30-HF,546.0,,1.0863,21.773,20.0439,125.0,07/01/2021,06/30/2024
DOCTORS HOSPITAL OF MANTECA,50118,CA,READM-30-CABG,,5.0,,,,,07/01/2021,06/30/2024
EL CENTRO REGIONAL MEDICAL CENTER,50045,CA,READM-30-CABG,,5.0,,,,,07/01/2021,06/30/2024
ENLOE HEALTH,50039,CA,READM-30-HIP-KNEE,594.0,,0.8092,3.9386,4.8671,21.0,07/01/2021,06/30/2024
GROSSMONT HOSPITAL,50026,CA,READM-30-PN,609.0,,1.0397,17.1318,16.4771,107.0,07/01/2021,06/30/2024
HOLLYWOOD PRESBYTERIAN MEDICAL CENTER,50063,CA,READM-30-HF,227.0,,1.1092,23.0137,20.7471,60.0,07/01/2021,06/30/2024
KAISER FOUNDATION HOSPITAL - DOWNEY,50139,CA,READM-30-PN,,1.0,,,,,07/01/2021,06/30/2024
KAISER FOUNDATION HOSPITAL - DOWNEY,50139,CA,READM-30-AMI,,1.0,,,,,07/01/2021,06/30/2024
KAISER FOUNDATION HOSPITAL - LOS ANGELES,50138,CA,READM-30-AMI,,,1.0337,15.5998,15.0911,,07/01/2021,06/30/2024
KAISER FOUNDATION HOSPITAL - SAN FRANCISCO,50076,CA,READM-30-COPD,,1.0,,,,,07/01/2021,06/30/2024
KAISER FOUNDATION HOSPITAL AND REHAB CENTER,50073,CA,READM-30-PN,,,0.9979,15.9276,15.9612,,07/01/2021,06/30/2024
KAWEAH HEALTH MEDICAL CENTER,50057,CA,READM-30-HIP-KNEE,,,0.8767,4.8991,5.5883,,07/01/2021,06/30/2024
KAWEAH HEALTH MEDICAL CENTER,50057,CA,READM-30-AMI,271.0,,0.9011,11.8958,13.2012,27.0,07/01/2021,06/30/2024
LOMPOC VALLEY MEDICAL CENTER,50110,CA,READM-30-AMI,,1.0,,,,,07/01/2021,06/30/2024
MAD RIVER COMMUNITY HOSPITAL,50028,CA,READM-30-HF,,,0.9965,20.7391,20.812,,07/01/2021,06/30/2024
MAD RIVER COMMUNITY HOSPITAL,50028,CA,READM-30-PN,,,0.9649,14.016,14.5263,,07/01/2021,06/30/2024
MAD RIVER COMMUNITY HOSPITAL,50028,CA,READM-30-HIP-KNEE,,,1.0051,3.7726,3.7534,,07/01/2021,06/30/2024
MAD RIVER COMMUNITY HOSPITAL,50028,CA,READM-30-COPD,,,1.0041,16.3144,16.2481,,07/01/2021,06/30/2024
MAD RIVER COMMUNITY HOSPITAL,50028,CA,READM-30-CABG,,5.0,,,,,07/01/2021,06/30/2024
OROVILLE HOSPITAL,50030,CA,READM-30-PN,833.0,,1.4255,24.4714,17.1671,229.0,07/01/2021,06/30/2024
OROVILLE HOSPITAL,50030,CA,READM-30-COPD,99.0,,1.2545,26.0985,20.8044,44.0,07/01/2021,06/30/2024
OROVILLE HOSPITAL,50030,CA,READM-30-HF,285.0,,1.3606,26.1974,19.2546,98.0,07/01/2021,06/30/2024
PALOMAR HEALTH DOWNTOWN CAMPUS,50115,CA,READM-30-COPD,93.0,,0.9555,16.4884,17.2561,12.0,07/01/2021,06/30/2024
PALOMAR HEALTH DOWNTOWN CAMPUS,50115,CA,READM-30-CABG,,,0.9585,9.9389,10.3691,,07/01/2021,06/30/2024
PARADISE VALLEY HOSPITAL,50024,CA,READM-30-CABG,,5.0,,,,,07/01/2021,06/30/2024
PARKVIEW COMMUNITY HOSPITAL MEDICAL CENTER,50102,CA,READM-30-AMI,,1.0,,,,,07/01/2021,06/30/2024
PENINSULA MEDICAL CENTER,50007,CA,READM-30-AMI,202.0,,0.9318,13.181,14.1457,23.0,07/01/2021,06/30/2024
PROVIDENCE LITTLE CO OF MARY MED CTR SAN PEDRO,50078,CA,READM-30-HIP-KNEE,,1.0,,,,,07/01/2021,06/30/2024
PROVIDENCE ST JOSEPH HOSPITAL,50006,CA,READM-30-AMI,204.0,,0.9055,12.2502,13.5288,20.0,07/01/2021,06/30/2024
PROVIDENCE ST JOSEPH HOSPITAL,50006,CA,READM-30-HIP-KNEE,,,0.9546,3.8854,4.07,,07/01/2021,06/30/2024
SAINT FRANCIS MEDICAL CENTER,50104,CA,READM-30-HF,181.0,,1.1176,24.0703,21.5376,52.0,07/01/2021,06/30/2024
SAN ANTONIO REGIONAL HOSPITAL,50099,CA,READM-30-PN,461.0,,1.0217,15.7401,15.4051,74.0,07/01/2021,06/30/2024
SAN ANTONIO REGIONAL HOSPITAL,50099,CA,READM-30-AMI,183.0,,0.8795,12.3239,14.0128,16.0,07/01/2021,06/30/2024
SAN GABRIEL VALLEY MEDICAL CENTER,50132,CA,READM-30-AMI,,1.0,,,,,07/01/2021,06/30/2024
SAN GABRIEL VALLEY MEDICAL CENTER,50132,CA,READM-30-HF,149.0,,1.0535,21.5639,20.4681,36.0,07/01/2021,06/30/2024
SAN GABRIEL VALLEY MEDICAL CENTER,50132,CA,READM-30-CABG,,5.0,,,,,07/01/2021,06/30/2024
SAN GORGONIO MEMORIAL HOSPITAL,50054,CA,READM-30-COPD,,1.0,,,,,07/01/2021,06/30/2024
SANTA CLARA VALLEY MEDICAL CENTER,50038,CA,READM-30-HIP-KNEE,,,1.0209,4.768,4.6706,,07/01/2021,06/30/2024
SHARP MEMORIAL HOSPITAL,50100,CA,READM-30-COPD,148.0,,1.003,18.7684,18.713,28.0,07/01/2021,06/30/2024
SONOMA VALLEY HOSPITAL,50090,CA,READM-30-AMI,,1.0,,,,,07/01/2021,06/30/2024
SOUTHERN CALIFORNIA HOSPITAL AT HOLLYWOOD,50135,CA,READM-30-CABG,,5.0,,,,,07/01/2021,06/30/2024
ST BERNARDINE MEDICAL CENTER,50129,CA,READM-30-CABG,,,1.0994,12.4141,11.2921,,07/01/2021,06/30/2024
ST BERNARDINE MEDICAL CENTER,50129,CA,READM-30-AMI,101.0,,1.0443,15.5848,14.9238,18.0,07/01/2021,06/30/2024
ST BERNARDINE MEDICAL CENTER,50129,CA,READM-30-COPD,66.0,,1.057,19.4803,18.4293,17.0,07/01/2021,06/30/2024
ST ELIZABETH COMMUNITY HOSPITAL,50042,CA,READM-30-HIP-KNEE,,1.0,,,,,07/01/2021,06/30/2024
ST JOHNS REGIONAL MEDICAL CENTER,50082,CA,READM-30-PN,611.0,,0.9862,16.5208,16.7519,100.0,07/01/2021,06/30/2024
ST JOSEPH'S MEDICAL CENTER OF STOCKTON,50084,CA,READM-30-CABG,112.0,,1.2281,13.8855,11.3065,21.0,07/01/2021,06/30/2024
SUTTER AMADOR HOSPITAL,50014,CA,READM-30-CABG,,5.0,,,,,07/01/2021,06/30/2024
"SUTTER MEDICAL CENTER, SACRAMENTO",50108,CA,READM-30-CABG,320.0,,0.9928,10.9961,11.0756,35.0,07/01/2021,06/30/2024
"SUTTER MEDICAL CENTER, SACRAMENTO",50108,CA,READM-30-HF,654.0,,0.9905,19.2188,19.4039,125.0,07/01/2021,06/30/2024
SUTTER SOLANO MEDICAL CENTER,50101,CA,READM-30-HF,132.0,,0.9576,18.259,19.0682,21.0,07/01/2021,06/30/2024
TRI-CITY MEDICAL CENTER,50128,CA,READM-30-COPD,83.0,,0.9954,17.281,17.3607,14.0,07/01/2021,06/30/2024
VALLEY PRESBYTERIAN HOSPITAL,50126,CA,READM-30-HF,282.0,,1.1304,23.3347,20.6437,75.0,07/01/2021,06/30/2024
ADVENTHEALTH DAYTONA BEACH,100068,FL,READM-30-COPD,222.0,,0.9789,19.6545,20.0782,42.0,07/01/2021,06/30/2024
ADVENTHEALTH DAYTONA BEACH,100068,FL,READM-30-PN,729.0,,0.9874,17.5408,17.7649,127.0,07/01/2021,06/30/2024
ADVENTHEALTH DAYTONA BEACH,100068,FL,READM-30-AMI,331.0,,0.97,15.8945,16.3862,51.0,07/01/2021,06/30/2024
ADVENTHEALTH FISH MEMORIAL,100072,FL,READM-30-COPD,117.0,,1.0523,20.6254,19.5996,28.0,07/01/2021,06/30/2024
ADVENTHEALTH HEART OF FLORIDA,100137,FL,READM-30-HF,140.0,29.0,1.0457,20.5318,19.6354,32.0,07/01/2021,06/30/2024
ADVENTHEALTH NEW SMYRNA BEACH,100014,FL,READM-30-COPD,102.0,,1.0172,17.4107,17.1156,19.0,07/01/2021,06/30/2024
ADVENTHEALTH ORLANDO,100007,FL,READM-30-PN,3588.0,,1.1409,19.3107,16.9259,702.0,07/01/2021,06/30/2024
ADVENTHEALTH SEBRING,100109,FL,READM-30-CABG,,5.0,,,,,07/01/2021,06/30/2024
ADVENTHEALTH SEBRING,100109,FL,READM-30-PN,672.0,,0.9487,16.9038,17.8171,110.0,07/01/2021,06/30/2024
ASCENSION SACRED HEART BAY,100026,FL,READM-30-HIP-KNEE,,1.0,,,,,07/01/2021,06/30/2024
ASCENSION SACRED HEART BAY,100026,FL,READM-30-CABG,,29.0,1.0201,9.9919,9.7955,,07/01/2021,06/30/2024
ASCENSION SACRED HEART BAY,100026,FL,READM-30-PN,329.0,29.0,0.9915,15.6744,15.8087,51.0,07/01/2021,06/30/2024
AdventHealth Carrollwood,100069,FL,READM-30-CABG,,5.0,,,,,07/01/2021,06/30/2024
BAPTIST HOSPITAL,100093,FL,READM-30-AMI,295.0,,0.9656,12.8062,13.2625,36.0,07/01/2021,06/30/2024
BAPTIST MEDICAL CENTER  BEACHES,100117,FL,READM-30-HIP-KNEE,,,0.924,5.1821,5.6085,,07/01/2021,06/30/2024
BAPTIST MEDICAL CENTER - NASSAU,100140,FL,READM-30-PN,263.0,,0.9488,14.2385,15.0067,34.0,07/01/2021,06/30/2024
BAPTIST MEDICAL CENTER - NASSAU,100140,FL,READM-30-HF,194.0,,1.0372,19.7803,19.0712,41.0,07/01/2021,06/30/2024
BAPTIST MEDICAL CENTER - NASSAU,100140,FL,READM-30-AMI,,1.0,,,,,07/01/2021,06/30/2024
BARTOW REGIONAL MEDICAL CENTER,100121,FL,READM-30-HF,91.0,,1.0405,19.9032,19.1294,21.0,07/01/2021,06/30/2024
BETHESDA HOSPITAL EAST,100002,FL,READM-30-COPD,234.0,,1.0143,18.3559,18.0964,44.0,07/01/2021,06/30/2024
BETHESDA HOSPITAL EAST,100002,FL,READM-30-AMI,279.0,,1.0758,14.4289,13.4123,44.0,07/01/2021,06/30/2024
BROWARD HEALTH MEDICAL CENTER,100039,FL,READM-30-AMI,173.0,,0.9744,12.895,13.2341,21.0,07/01/2021,06/30/2024
FLAGLER HOSPITAL,100090,FL,READM-30-CABG,,,0.8278,8.7133,10.5256,,07/01/2021,06/30/2024
HCA FLORIDA AVENTURA HOSPITAL,100131,FL,READM-30-HF,303.0,,1.0931,22.5555,20.6352,75.0,07/01/2021,06/30/2024
HCA FLORIDA AVENTURA HOSPITAL,100131,FL,READM-30-HIP-KNEE,,,0.9283,5.1785,5.5785,,07/01/2021,06/30/2024
HCA FLORIDA CITRUS HOSPITAL,100023,FL,READM-30-CABG,170.0,,0.9182,11.314,12.3221,17.0,07/01/2021,06/30/2024
HCA FLORIDA HIGHLANDS HOSPITAL,100049,FL,READM-30-AMI,,,0.9452,13.7517,14.5495,,07/01/2021,06/30/2024
HCA FLORIDA TWIN CITIES HOSPITAL,100054,FL,READM-30-AMI,0.0,7.0,,,,,07/01/2021,06/30/2024
HOLMES REGIONAL MEDICAL CENTER,100019,FL,READM-30-HIP-KNEE,,,0.7539,4.6508,6.1686,,07/01/2021,06/30/2024
HOMESTEAD HOSPITAL,100125,FL,READM-30-PN,151.0,,0.9319,14.3144,15.3603,17.0,07/01/2021,06/30/2024
JACKSON HEALTH SYSTEM,100022,FL,READM-30-COPD,130.0,,0.9952,21.0554,21.1576,27.0,07/01/2021,06/30/2024
JACKSON HOSPITAL,100142,FL,READM-30-PN,162.0,,1.0427,14.375,13.7858,26.0,07/01/2021,06/30/2024
JACKSON HOSPITAL,100142,FL,READM-30-COPD,87.0,,1.055,16.3144,15.4632,18.0,07/01/2021,06/30/2024
JACKSON HOSPITAL,100142,FL,READM-30-HF,125.0,,1.0115,17.7515,17.549,23.0,07/01/2021,06/30/2024
LAKESIDE MEDICAL CENTER,100130,FL,READM-30-HIP-KNEE,,5.0,,,,,07/01/2021,06/30/2024
LARKIN COMMUNITY HOSPITAL PALM SPRINGS CAMPUS,100050,FL,READM-30-HIP-KNEE,,1.0,,,,,07/01/2021,06/30/2024
LEE MEMORIAL HOSPITAL,100012,FL,READM-30-COPD,367.0,,0.9802,19.2117,19.5988,69.0,07/01/2021,06/30/2024
LEE MEMORIAL HOSPITAL,100012,FL,READM-30-PN,967.0,,0.9743,15.3809,15.7863,147.0,07/01/2021,06/30/2024
MORTON PLANT NORTH BAY HOSPITAL,100063,FL,READM-30-COPD,118.0,,1.0324,18.3452,17.769,24.0,07/01/2021,06/30/2024
"MOUNT SINAI MEDICAL CENTER OF FLORIDA, INC",100034,FL,READM-30-AMI,232.0,29.0,1.0018,15.045,15.0174,35.0,07/01/2021,06/30/2024
NORTH OKALOOSA MEDICAL CENTER,100122,FL,READM-30-COPD,126.0,,1.0187,21.0906,20.7038,28.0,07/01/2021,06/30/2024
NORTH OKALOOSA MEDICAL CENTER,100122,FL,READM-30-PN,390.0,,0.9441,17.1635,18.1802,63.0,07/01/2021,06/30/2024
NORTH SHORE MEDICAL CENTER,100029,FL,READM-30-COPD,71.0,,0.9902,19.3837,19.5754,13.0,07/01/2021,06/30/2024
NORTH SHORE MEDICAL CENTER,100029,FL,READM-30-PN,204.0,,0.9941,18.3417,18.4511,37.0,07/01/2021,06/30/2024
ORLANDO HEALTH ROCKLEDGE HOSPITAL,100092,FL,READM-30-PN,220.0,,0.9817,16.0188,16.317,34.0,07/01/2021,06/30/2024
ORLANDO HEALTH SOUTH LAKE HOSPITAL,100051,FL,READM-30-AMI,247.0,,0.9797,13.3806,13.6573,32.0,07/01/2021,06/30/2024
SACRED HEART HOSPITAL,100025,FL,READM-30-COPD,125.0,29.0,1.0053,18.0882,17.9935,23.0,07/01/2021,06/30/2024
SACRED HEART HOSPITAL,100025,FL,READM-30-AMI,230.0,29.0,1.0685,14.1816,13.2723,36.0,07/01/2021,06/30/2024
SACRED HEART HOSPITAL,100025,FL,READM-30-HIP-KNEE,,29.0,0.9875,7.5897,7.6859,,07/01/2021,06/30/2024
SACRED HEART HOSPITAL,100025,FL,READM-30-PN,583.0,29.0,1.0126,17.179,16.9659,101.0,07/01/2021,06/30/2024
SACRED HEART HOSPITAL,100025,FL,READM-30-CABG,,29.0,0.9867,10.8705,11.0175,,07/01/2021,06/30/2024
SANTA ROSA MEDICAL CENTER,100124,FL,READM-30-CABG,,5.0,,,,,07/01/2021,06/30/2024
SARASOTA MEMORIAL HOSPITAL,100087,FL,READM-30-HF,2053.0,,0.9863,19.5325,19.8046,400.0,07/01/2021,06/30/2024
SARASOTA MEMORIAL HOSPITAL,100087,FL,READM-30-AMI,817.0,,1.013,13.2611,13.0906,109.0,07/01/2021,06/30/2024
SARASOTA MEMORIAL HOSPITAL,100087,FL,READM-30-COPD,540.0,,0.9215,17.0387,18.4904,86.0,07/01/2021,06/30/2024
SHANDS JACKSONVILLE,100001,FL,READM-30-PN,258.0,,0.9604,17.3508,18.0659,42.0,07/01/2021,06/30/2024
SOUTH FLORIDA BAPTIST HOSPITAL,100132,FL,READM-30-CABG,,5.0,,,,,07/01/2021,06/30/2024
ST ANTHONYS HOSPITAL,100067,FL,READM-30-PN,769.0,,0.9891,16.8726,17.0591,129.0,07/01/2021,06/30/2024
ST JOSEPHS HOSPITAL,100075,FL,READM-30-HIP-KNEE,,1.0,,,,,07/01/2021,06/30/2024
TAMPA GENERAL HOSPITAL,100128,FL,READM-30-COPD,171.0,,1.0836,20.9954,19.3748,42.0,07/01/2021,06/30/2024
ARNOT OGDEN MEDICAL CENTER,330090,NY,READM-30-HIP-KNEE,,,0.9221,5.2453,5.6883,,07/01/2021,06/30/2024
BERTRAND CHAFFEE HOSPITAL,330111,NY,READM-30-CABG,,5.0,,,,,07/01/2021,06/30/2024
BON SECOURS COMMUNITY HOSPITAL,330135,NY,READM-30-AMI,,1.0,,,,,07/01/2021,06/30/2024
BROOKLYN HOSPITAL CENTER - DOWNTOWN CAMPUS,330056,NY,READM-30-CABG,,5.0,,,,,07/01/2021,06/30/2024
CANTON-POTSDAM HOSPITAL,330197,NY,READM-30-PN,213.0,,0.9941,15.2076,15.298,32.0,07/01/2021,06/30/2024
CANTON-POTSDAM HOSPITAL,330197,NY,READM-30-COPD,108.0,,0.9717,17.6844,18.1987,17.0,07/01/2021,06/30/2024
CHENANGO MEMORIAL HOSPITAL,330033,NY,READM-30-COPD,,1.0,,,,,07/01/2021,06/30/2024
CHENANGO MEMORIAL HOSPITAL,330033,NY,READM-30-PN,92.0,,1.006,14.7882,14.6999,14.0,07/01/2021,06/30/2024
CHENANGO MEMORIAL HOSPITAL,330033,NY,READM-30-AMI,,1.0,,,,,07/01/2021,06/30/2024
CHENANGO MEMORIAL HOSPITAL,330033,NY,READM-30-CABG,,5.0,,,,,07/01/2021,06/30/2024
CHENANGO MEMORIAL HOSPITAL,330033,NY,READM-30-HIP-KNEE,,1.0,,,,,07/01/2021,06/30/2024
COLUMBIA MEMORIAL HOSPITAL,330094,NY,READM-30-CABG,,5.0,,,,,07/01/2021,06/30/2024
COLUMBIA MEMORIAL HOSPITAL,330094,NY,READM-30-AMI,,1.0,,,,,07/01/2021,06/30/2024
ELLIS HOSPITAL,330153,NY,READM-30-HF,368.0,,1.0388,18.8232,18.12,72.0,07/01/2021,06/30/2024
ELMHURST HOSPITAL CENTER,330128,NY,READM-30-HF,170.0,,0.9927,20.3205,20.4708,34.0,07/01/2021,06/30/2024
ELMHURST HOSPITAL CENTER,330128,NY,READM-30-PN,128.0,,0.9439,13.9176,14.744,14.0,07/01/2021,06/30/2024
FLUSHING HOSPITAL MEDICAL CENTER,330193,NY,READM-30-HF,151.0,,0.9631,23.1023,23.9874,32.0,07/01/2021,06/30/2024
GENEVA GENERAL HOSPITAL,330058,NY,READM-30-AMI,,1.0,,,,,07/01/2021,06/30/2024
GLENS FALLS HOSPITAL,330191,NY,READM-30-CABG,,5.0,,,,,07/01/2021,06/30/2024
GOOD SAMARITAN HOSPITAL OF SUFFERN,330158,NY,READM-30-PN,752.0,,1.1515,19.0518,16.5455,153.0,07/01/2021,06/30/2024
GUTHRIE CORTLAND REGIONAL MEDICAL CENTER,330175,NY,READM-30-HIP-KNEE,,1.0,,,,,07/01/2021,06/30/2024
JAMAICA HOSPITAL MEDICAL CENTER,330014,NY,READM-30-PN,144.0,,1.041,18.2178,17.501,29.0,07/01/2021,06/30/2024
JAMAICA HOSPITAL MEDICAL CENTER,330014,NY,READM-30-COPD,79.0,,1.0111,20.4405,20.2159,17.0,07/01/2021,06/30/2024
JOHN T MATHER MEMORIAL HOSPITAL  OF PORT JEFFERSON,330185,NY,READM-30-PN,839.0,,0.9029,15.4861,17.1515,123.0,07/01/2021,06/30/2024
JOHN T MATHER MEMORIAL HOSPITAL  OF PORT JEFFERSON,330185,NY,READM-30-CABG,,5.0,,,,,07/01/2021,06/30/2024
JONES MEMORIAL HOSPITAL,330096,NY,READM-30-PN,,,0.8816,13.4119,15.2128,,07/01/2021,06/30/2024
KALEIDA HEALTH,330005,NY,READM-30-PN,558.0,,1.0174,15.9231,15.6507,90.0,07/01/2021,06/30/2024
KENMORE MERCY HOSPITAL,330102,NY,READM-30-COPD,53.0,,1.0485,17.9483,17.1185,13.0,07/01/2021,06/30/2024
LENOX HILL HOSPITAL,330119,NY,READM-30-CABG,199.0,,0.9404,8.8248,9.3845,16.0,07/01/2021,06/30/2024
LONG ISLAND COMMUNITY HOSPITAL,330141,NY,READM-30-COPD,213.0,,1.0125,20.2129,19.9631,44.0,07/01/2021,06/30/2024
LONG ISLAND COMMUNITY HOSPITAL,330141,NY,READM-30-AMI,,,0.8774,12.5002,14.2476,,07/01/2021,06/30/2024
LONG ISLAND COMMUNITY HOSPITAL,330141,NY,READM-30-PN,859.0,,1.0282,20.2594,19.7044,176.0,07/01/2021,06/30/2024
LONG ISLAND JEWISH MEDICAL CENTER,330195,NY,READM-30-PN,1252.0,,1.074,17.2642,16.0747,221.0,07/01/2021,06/30/2024
MAIMONIDES MEDICAL CENTER,330194,NY,READM-30-HIP-KNEE,,,0.9715,4.8308,4.9724,,07/01/2021,06/30/2024
MAIMONIDES MEDICAL CENTER,330194,NY,READM-30-PN,975.0,,1.3011,23.694,18.2107,250.0,07/01/2021,06/30/2024
MONTEFIORE MEDICAL CENTER,330059,NY,READM-30-HF,904.0,,0.9349,20.2406,21.6497,178.0,07/01/2021,06/30/2024
MONTEFIORE NEW ROCHELLE HOSPITAL,330184,NY,READM-30-COPD,71.0,,1.0453,19.2966,18.4596,17.0,07/01/2021,06/30/2024
MOUNT SINAI SOUTH NASSAU,330198,NY,READM-30-HIP-KNEE,,,1.2584,6.0444,4.8031,,07/01/2021,06/30/2024
MOUNT ST. MARY'S HOSPITAL & HEALTH CENTER,330188,NY,READM-30-HF,118.0,,1.0124,18.7437,18.514,23.0,07/01/2021,06/30/2024
NASSAU UNIVERSITY MEDICAL CENTER,330027,NY,READM-30-HIP-KNEE,,1.0,,,,,07/01/2021,06/30/2024
"NEW YORK COMMUNITY HOSPITAL OF BROOKLYN, INC.",330019,NY,READM-30-COPD,137.0,,1.1396,21.8885,19.2069,40.0,07/01/2021,06/30/2024
NEW YORK-PRESBYTERIAN HOSPITAL,330101,NY,READM-30-COPD,631.0,,0.9423,18.778,19.9285,114.0,07/01/2021,06/30/2024
NEW YORK-PRESBYTERIAN HOSPITAL,330101,NY,READM-30-PN,2645.0,,0.9382,15.9668,17.0188,418.0,07/01/2021,06/30/2024
NEWARK-WAYNE COMMUNITY HOSPITAL,330030,NY,READM-30-CABG,,5.0,,,,,07/01/2021,06/30/2024
NIAGARA FALLS MEMORIAL MEDICAL CENTER,330065,NY,READM-30-CABG,,5.0,,,,,07/01/2021,06/30/2024
NORTH SHORE UNIVERSITY HOSPITAL,330106,NY,READM-30-HF,1512.0,,1.0816,21.179,19.5809,326.0,07/01/2021,06/30/2024
NORTH SHORE UNIVERSITY HOSPITAL,330106,NY,READM-30-COPD,273.0,,1.1017,19.6626,17.847,61.0,07/01/2021,06/30/2024
NS/LIJ HS HUNTINGTON HOSPITAL,330045,NY,READM-30-COPD,244.0,,1.0283,18.4127,17.9055,47.0,07/01/2021,06/30/2024
NS/LIJ HS SOUTHSIDE HOSPITAL,330043,NY,READM-30-PN,647.0,,1.0444,16.8587,16.1423,112.0,07/01/2021,06/30/2024
NS/LIJ HS SOUTHSIDE HOSPITAL,330043,NY,READM-30-CABG,180.0,,1.0593,10.8375,10.2304,21.0,07/01/2021,06/30/2024
NS/LIJ HS SOUTHSIDE HOSPITAL,330043,NY,READM-30-HIP-KNEE,361.0,,0.8657,4.3347,5.0071,14.0,07/01/2021,06/30/2024
NYACK HOSPITAL,330104,NY,READM-30-AMI,100.0,,1.0347,14.2675,13.7887,16.0,07/01/2021,06/30/2024
OLEAN GENERAL HOSPITAL,330103,NY,READM-30-COPD,121.0,,1.0573,15.7684,14.9136,23.0,07/01/2021,06/30/2024
"SAMARITAN HOSPITAL OF TROY, NEW YORK",330180,NY,READM-30-AMI,103.0,,0.9419,13.6804,14.5242,11.0,07/01/2021,06/30/2024
SISTERS OF CHARITY HOSPITAL,330078,NY,READM-30-PN,88.0,,1.0752,17.1065,15.9104,20.0,07/01/2021,06/30/2024
SOUTH BROOKLYN HEALTH,330196,NY,READM-30-HF,448.0,,1.0969,23.2136,21.1637,111.0,07/01/2021,06/30/2024
ST FRANCIS HOSPITAL - THE HEART CENTER,330182,NY,READM-30-AMI,614.0,,1.0939,14.8769,13.6,96.0,07/01/2021,06/30/2024
ST JOSEPH'S MEDICAL CENTER,330006,NY,READM-30-COPD,,1.0,,,,,07/01/2021,06/30/2024
ST JOSEPH'S MEDICAL CENTER,330006,NY,READM-30-AMI,,1.0,,,,,07/01/2021,06/30/2024
ST PETER'S HOSPITAL,330057,NY,READM-30-PN,784.0,,1.0996,18.0542,16.4196,148.0,07/01/2021,06/30/2024
ALLIANCE COMMUNITY HOSPITAL,360131,OH,READM-30-COPD,,,0.9445,19.7621,20.9226,,07/01/2021,06/30/2024
ALLIANCE COMMUNITY HOSPITAL,360131,OH,READM-30-PN,,,0.9629,14.7434,15.3115,,07/01/2021,06/30/2024
ASHTABULA COUNTY MEDICAL CENTER,360125,OH,READM-30-HF,247.0,,1.128,22.322,19.7896,64.0,07/01/2021,06/30/2024
ATRIUM MEDICAL CENTER,360076,OH,READM-30-CABG,,,1.0995,11.8447,10.7731,,07/01/2021,06/30/2024
BLANCHARD VALLEY HOSPITAL,360095,OH,READM-30-AMI,132.0,,0.9882,11.8097,11.9502,15.0,07/01/2021,06/30/2024
COMMUNITY HOSPITALS AND WELLNESS CENTERS,360121,OH,READM-30-HIP-KNEE,,1.0,,,,,07/01/2021,06/30/2024
COSHOCTON REGIONAL MEDICAL CENTER,360109,OH,READM-30-CABG,,5.0,,,,,07/01/2021,06/30/2024
COSHOCTON REGIONAL MEDICAL CENTER,360109,OH,READM-30-PN,123.0,,0.9384,15.6442,16.6709,15.0,07/01/2021,06/30/2024
DOCTORS HOSPITAL,360152,OH,READM-30-HF,198.0,,0.9151,17.3298,18.9385,28.0,07/01/2021,06/30/2024
EAST OHIO REGIONAL HOSPITAL,360080,OH,READM-30-HIP-KNEE,,1.0,,,,,07/01/2021,06/30/2024
FAIRFIELD MEDICAL CENTER,360072,OH,READM-30-PN,367.0,,1.0253,15.6237,15.2376,59.0,07/01/2021,06/30/2024
FISHER-TITUS HOSPITAL,360065,OH,READM-30-AMI,,,0.9585,10.5329,10.9884,,07/01/2021,06/30/2024
FORT HAMILTON HUGHES MEMORIAL HOSPITAL,360132,OH,READM-30-CABG,,5.0,,,,,07/01/2021,06/30/2024
GENESIS HOSPITAL,360039,OH,READM-30-AMI,253.0,,0.883,12.7991,14.4954,26.0,07/01/2021,06/30/2024
GRAND LAKE HEALTH SYSTEM,360032,OH,READM-30-AMI,,1.0,,,,,07/01/2021,06/30/2024
GRANT MEDICAL CENTER,360017,OH,READM-30-COPD,66.0,,0.9858,18.2816,18.5444,11.0,07/01/2021,06/30/2024
GRANT MEDICAL CENTER,360017,OH,READM-30-AMI,123.0,,0.9867,11.9245,12.085,14.0,07/01/2021,06/30/2024
GRANT MEDICAL CENTER,360017,OH,READM-30-HIP-KNEE,,,0.9952,5.991,6.0198,,07/01/2021,06/30/2024
GRANT MEDICAL CENTER,360017,OH,READM-30-PN,285.0,,1.0411,17.6227,16.9268,53.0,07/01/2021,06/30/2024
GRANT MEDICAL CENTER,360017,OH,READM-30-CABG,,,0.9984,10.1011,10.1172,,07/01/2021,06/30/2024
INSIGHT HOSPITAL AND MEDICAL CENTER TRUMBULL,360055,OH,READM-30-AMI,160.0,,1.0271,14.763,14.3729,25.0,07/01/2021,06/30/2024
KETTERING HEALTH DAYTON,360133,OH,READM-30-PN,297.0,,0.9331,15.7174,16.8445,42.0,07/01/2021,06/30/2024
KETTERING HEALTH GREENE MEMORIAL,360026,OH,READM-30-COPD,,1.0,,,,,07/01/2021,06/30/2024
KETTERING HEALTH GREENE MEMORIAL,360026,OH,READM-30-PN,,,0.9664,14.1513,14.643,,07/01/2021,06/30/2024
LIMA MEMORIAL HEALTH SYSTEM,360009,OH,READM-30-COPD,133.0,,1.0522,18.2401,17.3359,28.0,07/01/2021,06/30/2024
LIMA MEMORIAL HEALTH SYSTEM,360009,OH,READM-30-PN,223.0,,0.9515,15.3999,16.1853,31.0,07/01/2021,06/30/2024
LUTHERAN HOSPITAL,360087,OH,READM-30-COPD,,1.0,,,,,07/01/2021,06/30/2024
LUTHERAN HOSPITAL,360087,OH,READM-30-PN,,,1.0316,15.283,14.8142,,07/01/2021,06/30/2024
LUTHERAN HOSPITAL,360087,OH,READM-30-CABG,,5.0,,,,,07/01/2021,06/30/2024
MARIETTA MEMORIAL HOSPITAL,360147,OH,READM-30-CABG,,1.0,,,,,07/01/2021,06/30/2024
MARYMOUNT HOSPITAL,360143,OH,READM-30-COPD,96.0,,1.0076,18.1702,18.034,18.0,07/01/2021,06/30/2024
MEDINA HOSPITAL,360091,OH,READM-30-CABG,,5.0,,,,,07/01/2021,06/30/2024
MEMORIAL HOSPITAL,360156,OH,READM-30-PN,91.0,,0.9786,13.6381,13.9362,11.0,07/01/2021,06/30/2024
MEMORIAL HOSPITAL,360092,OH,READM-30-PN,,,0.968,17.0238,17.5868,,07/01/2021,06/30/2024
MEMORIAL HOSPITAL,360156,OH,READM-30-COPD,,,1.0132,15.6919,15.4877,,07/01/2021,06/30/2024
MEMORIAL HOSPITAL,360156,OH,READM-30-HF,106.0,,1.0066,17.4916,17.3773,19.0,07/01/2021,06/30/2024
MERCER COUNTY JOINT TOWNSHIP COMMUNITY HOSPITAL,360058,OH,READM-30-AMI,,1.0,,,,,07/01/2021,06/30/2024
MERCY HEALTH - FAIRFIELD HOSPITAL,360056,OH,READM-30-HIP-KNEE,,,0.9002,7.5403,8.3758,,07/01/2021,06/30/2024
MERCY HEALTH-ANDERSON HOSPITAL,360001,OH,READM-30-PN,435.0,,0.9864,15.8439,16.0627,68.0,07/01/2021,06/30/2024
OHIOHEALTH O'BLENESS HOSPITAL,360014,OH,READM-30-COPD,,,0.974,18.7671,19.2681,,07/01/2021,06/30/2024
RIVERSIDE METHODIST HOSPITAL,360006,OH,READM-30-PN,513.0,,0.8473,13.424,15.8428,58.0,07/01/2021,06/30/2024
SOUTH POINTE HOSPITAL,360144,OH,READM-30-HIP-KNEE,,1.0,,,,,07/01/2021,06/30/2024
SOUTHWEST GENERAL HEALTH CENTER,360155,OH,READM-30-PN,545.0,,1.0896,17.6461,16.1954,102.0,07/01/2021,06/30/2024
SOUTHWEST GENERAL HEALTH CENTER,360155,OH,READM-30-HF,427.0,,1.0767,20.7545,19.2766,94.0,07/01/2021,06/30/2024
SOUTHWEST GENERAL HEALTH CENTER,360155,OH,READM-30-AMI,165.0,,1.131,14.3808,12.7151,30.0,07/01/2021,06/30/2024
SUMMA HEALTH SYSTEM,360020,OH,READM-30-HIP-KNEE,,,1.0536,7.0376,6.6798,,07/01/2021,06/30/2024
SUMMA HEALTH SYSTEM,360020,OH,READM-30-CABG,,,1.1053,10.231,9.2562,,07/01/2021,06/30/2024
SUMMA HEALTH SYSTEM,360020,OH,READM-30-PN,407.0,,1.0691,18.0386,16.8733,78.0,07/01/2021,06/30/2024
THE JEWISH HOSPITAL-MERCY HEALTH,360016,OH,READM-30-CABG,,,1.0284,12.9985,12.6391,,07/01/2021,06/30/2024
UH REGIONAL HOSPITALS,360075,OH,READM-30-COPD,106.0,,0.9646,18.5747,19.2564,17.0,07/01/2021,06/30/2024
UH REGIONAL HOSPITALS,360075,OH,READM-30-PN,270.0,,1.0334,18.0494,17.4669,51.0,07/01/2021,06/30/2024
UH REGIONAL HOSPITALS,360075,OH,READM-30-AMI,85.0,,1.0083,12.4509,12.3488,11.0,07/01/2021,06/30/2024
UNION HOSPITAL,360010,OH,READM-30-COPD,85.0,,1.0867,19.7545,18.1786,23.0,07/01/2021,06/30/2024
UNIVERSITY HOSPITALS - ELYRIA MEDICAL CENTER,360145,OH,READM-30-HF,337.0,,1.1,23.3896,21.2632,86.0,07/01/2021,06/30/2024
UNIVERSITY HOSPITALS - ELYRIA MEDICAL CENTER,360145,OH,READM-30-HIP-KNEE,,,1.0116,6.7735,6.6956,,07/01/2021,06/30/2024
UNIVERSITY HOSPITALS PORTAGE MEDICAL CENTER,360078,OH,READM-30-COPD,,,0.9625,16.8951,17.5537,,07/01/2021,06/30/2024
UNIVERSITY HOSPITALS SAMARITAN MEDICAL CENTER,360002,OH,READM-30-COPD,53.0,,1.0197,18.006,17.6579,11.0,07/01/2021,06/30/2024
UNIVERSITY HOSPITALS SAMARITAN MEDICAL CENTER,360002,OH,READM-30-AMI,,1.0,,,,,07/01/2021,06/30/2024
VAN WERT COUNTY HOSPITAL,360071,OH,READM-30-COPD,,1.0,,,,,07/01/2021,06/30/2024
WILSON MEMORIAL HOSPITAL,360013,OH,READM-30-HIP-KNEE,,1.0,,,,,07/01/2021,06/30/2024
ADVENTHEALTH CENTRAL TEXAS,450152,TX,READM-30-PN,264.0,,1.0858,16.8511,15.5197,50.0,07/01/2021,06/30/2024
ADVENTHEALTH CENTRAL TEXAS,450152,TX,READM-30-HF,249.0,,1.0156,20.4315,20.1182,52.0,07/01/2021,06/30/2024
ASCENSION SETON SMITHVILLE,450143,TX,READM-30-HF,,1.0,,,,,07/01/2021,06/30/2024
BAPTIST MEDICAL CENTER,450058,TX,READM-30-CABG,154.0,,0.9484,9.3173,9.8238,13.0,07/01/2021,06/30/2024
BAYLOR SCOTT & WHITE MEDICAL CENTER - TEMPLE,450054,TX,READM-30-PN,484.0,,0.8612,14.0213,16.2805,58.0,07/01/2021,06/30/2024
BAYLOR SCOTT AND WHITE ALL SAINTS MEDICAL CENTER,450137,TX,READM-30-COPD,144.0,,1.0507,21.6443,20.5999,35.0,07/01/2021,06/30/2024
BAYLOR SCOTT AND WHITE ALL SAINTS MEDICAL CENTER,450137,TX,READM-30-HF,359.0,,1.0846,22.2745,20.5375,86.0,07/01/2021,06/30/2024
BAYLOR UNIVERSITY MEDICAL CENTER,450021,TX,READM-30-COPD,158.0,,0.9516,18.7994,19.7547,26.0,07/01/2021,06/30/2024
Baylor St Lukes Medical Center,450193,TX,READM-30-CABG,225.0,,0.8594,10.2079,11.8783,19.0,07/01/2021,06/30/2024
CHI ST LUKE'S HEALTH BRAZOSPORT,450072,TX,READM-30-COPD,74.0,,1.0372,17.9589,17.3143,16.0,07/01/2021,06/30/2024
CHI ST LUKES HEALTH MEMORIAL LUFKIN,450211,TX,READM-30-CABG,,1.0,,,,,07/01/2021,06/30/2024
CHI ST LUKES HEALTH MEMORIAL LUFKIN,450211,TX,READM-30-COPD,,,0.9872,17.6693,17.8986,,07/01/2021,06/30/2024
CHRISTUS GOOD SHEPHERD MEDICAL CENTER,450032,TX,READM-30-CABG,,,0.9778,10.9061,11.1537,,07/01/2021,06/30/2024
CHRISTUS MOTHER FRANCES HOSPITAL SULPHUR SPRINGS,450236,TX,READM-30-PN,260.0,,0.972,15.7291,16.1827,39.0,07/01/2021,06/30/2024
CHRISTUS MOTHER FRANCES HOSPITAL SULPHUR SPRINGS,450236,TX,READM-30-CABG,,5.0,,,,,07/01/2021,06/30/2024
CHRISTUS MOTHER FRANCES HOSPITAL SULPHUR SPRINGS,450236,TX,READM-30-COPD,,,0.9847,17.6778,17.9518,,07/01/2021,06/30/2024
CHRISTUS SANTA ROSA MEDICAL CENTER,450237,TX,READM-30-HF,782.0,,1.0181,19.9098,19.5564,157.0,07/01/2021,06/30/2024
CHRISTUS SOUTHEAST TEXAS- ST ELIZABETH,450034,TX,READM-30-HIP-KNEE,,1.0,,,,,07/01/2021,06/30/2024
CHRISTUS SOUTHEAST TEXAS- ST ELIZABETH,450034,TX,READM-30-CABG,,,0.9994,11.7083,11.7152,,07/01/2021,06/30/2024
CHRISTUS SOUTHEAST TEXAS- ST ELIZABETH,450034,TX,READM-30-PN,361.0,,1.0557,16.992,16.0962,65.0,07/01/2021,06/30/2024
CHRISTUS SPOHN HOSPITAL CORPUS CHRISTI,450046,TX,READM-30-COPD,,,0.918,15.991,17.4191,,07/01/2021,06/30/2024
CHRISTUS SPOHN HOSPITAL CORPUS CHRISTI,450046,TX,READM-30-HF,316.0,,1.0053,19.8149,19.7104,63.0,07/01/2021,06/30/2024
CONNALLY MEMORIAL MEDICAL CENTER,450108,TX,READM-30-AMI,,1.0,,,,,07/01/2021,06/30/2024
COVENANT MEDICAL CENTER,450040,TX,READM-30-AMI,228.0,,0.911,12.1596,13.3471,23.0,07/01/2021,06/30/2024
DE TAR HOSPITAL NAVARRO,450147,TX,READM-30-CABG,,1.0,,,,,07/01/2021,06/30/2024
GRACE SURGICAL HOSPITAL,450162,TX,READM-30-COPD,,5.0,,,,,07/01/2021,06/30/2024
GUADALUPE REGIONAL MEDICAL CENTER,450104,TX,READM-30-HIP-KNEE,,,1.4782,6.9336,4.6905,,07/01/2021,06/30/2024
HCA HOUSTON HEALTHCARE SOUTHEAST,450097,TX,READM-30-HIP-KNEE,,,0.9817,5.6711,5.7767,,07/01/2021,06/30/2024
HENDRICK MEDICAL CENTER,450229,TX,READM-30-AMI,403.0,,1.0354,13.2095,12.758,55.0,07/01/2021,06/30/2024
JPS HEALTH NETWORK,450039,TX,READM-30-PN,100.0,,0.9948,17.3526,17.4425,17.0,07/01/2021,06/30/2024
JPS HEALTH NETWORK,450039,TX,READM-30-COPD,55.0,,0.9716,24.2199,24.9274,11.0,07/01/2021,06/30/2024
LAS PALMAS MEDICAL CENTER A CAMPUS OF LPDS HEALTHC,450107,TX,READM-30-COPD,,,0.9956,18.4356,18.5162,,07/01/2021,06/30/2024
LAS PALMAS MEDICAL CENTER A CAMPUS OF LPDS HEALTHC,450107,TX,READM-30-CABG,,,1.0469,11.8407,11.3101,,07/01/2021,06/30/2024
MEDICAL CITY NORTH HILLS,450087,TX,READM-30-PN,261.0,,1.0523,17.8199,16.9348,50.0,07/01/2021,06/30/2024
MEMORIAL HERMANN - TEXAS MEDICAL CENTER,450068,TX,READM-30-HIP-KNEE,,1.0,,,,,07/01/2021,06/30/2024
MEMORIAL HERMANN HOSPITAL SYSTEM,450184,TX,READM-30-HF,1510.0,,1.014,20.8592,20.5716,316.0,07/01/2021,06/30/2024
METHODIST HOSPITAL ATASCOSA,450165,TX,READM-30-CABG,,5.0,,,,,07/01/2021,06/30/2024
NORTHWEST TEXAS HOSPITAL,450209,TX,READM-30-CABG,,,1.0908,14.0946,12.9218,,07/01/2021,06/30/2024
NORTHWEST TEXAS HOSPITAL,450209,TX,READM-30-HF,267.0,,0.938,17.4317,18.5843,42.0,07/01/2021,06/30/2024
PARIS REGIONAL MEDICAL CENTER,450196,TX,READM-30-COPD,206.0,,1.1348,22.4501,19.784,56.0,07/01/2021,06/30/2024
PARIS REGIONAL MEDICAL CENTER,450196,TX,READM-30-HIP-KNEE,,,0.9095,4.114,4.5234,,07/01/2021,06/30/2024
PERMIAN REGIONAL MEDICAL CENTER ANDREWS COUNTY HO,450144,TX,READM-30-HF,,1.0,,,,,07/01/2021,06/30/2024
PERMIAN REGIONAL MEDICAL CENTER ANDREWS COUNTY HO,450144,TX,READM-30-CABG,,5.0,,,,,07/01/2021,06/30/2024
PETERSON REGIONAL MEDICAL CENTER,450007,TX,READM-30-COPD,,,0.9882,13.3501,13.5094,,07/01/2021,06/30/2024
PETERSON REGIONAL MEDICAL CENTER,450007,TX,READM-30-AMI,137.0,,1.0126,11.2321,11.0921,16.0,07/01/2021,06/30/2024
ROLLING PLAINS MEMORIAL HOSPITAL,450055,TX,READM-30-AMI,,1.0,,,,,07/01/2021,06/30/2024
ROLLING PLAINS MEMORIAL HOSPITAL,450055,TX,READM-30-PN,72.0,,0.9991,15.3597,15.3734,11.0,07/01/2021,06/30/2024
TEXAS HEALTH HARRIS METHODIST FORT WORTH,450135,TX,READM-30-HIP-KNEE,,1.0,,,,,07/01/2021,06/30/2024
THE HOSPITALS OF PROVIDENCE - MEMORIAL CAMPUS,450002,TX,READM-30-PN,102.0,,1.0254,15.9967,15.5997,18.0,07/01/2021,06/30/2024
UNITED REGIONAL HEALTH CARE SYSTEM,450010,TX,READM-30-COPD,278.0,,0.9719,18.7504,19.2923,50.0,07/01/2021,06/30/2024
UNIVERSITY OF TEXAS MEDICAL BRANCH GALVESTON,450018,TX,READM-30-PN,576.0,,0.9895,16.2692,16.4413,93.0,07/01/2021,06/30/2024
UNIVERSITY OF TEXAS MEDICAL BRANCH GALVESTON,450018,TX,READM-30-COPD,179.0,,1.0219,19.7509,19.3282,37.0,07/01/2021,06/30/2024
UT HEALTH EAST TEXAS JACKSONVILLE HOSPITAL,450194,TX,READM-30-COPD,,1.0,,,,,07/01/2021,06/30/2024
UT OF TEXAS  SOUTHWESTERN UNIVERSITY HOSPITAL - WILLIAM P. CLEMENTS JR.,450044,TX,READM-30-AMI,139.0,,1.1005,17.873,16.2401,30.0,07/01/2021,06/30/2024
VALLEY BAPTIST MEDICAL CENTER- BROWNSVILLE,450028,TX,READM-30-HIP-KNEE,,1.0,,,,,07/01/2021,06/30/2024
VHS HARLINGEN HOSPITAL COMPANY LLC,450033,TX,READM-30-COPD,,,0.9808,17.252,17.5895,,07/01/2021,06/30/2024
VHS HARLINGEN HOSPITAL COMPANY LLC,450033,TX,READM-30-AMI,99.0,,1.1217,18.041,16.0837,24.0,07/01/2021,06/30/2024
VHS HARLINGEN HOSPITAL COMPANY LLC,450033,TX,READM-30-PN,322.0,,1.1422,18.0162,15.7731,67.0,07/01/2021,06/30/2024
VHS HARLINGEN HOSPITAL COMPANY LLC,450033,TX,READM-30-HIP-KNEE,,,0.9498,6.1663,6.4919,,07/01/2021,06/30/2024
VHS HARLINGEN HOSPITAL COMPANY LLC,450033,TX,READM-30-CABG,,1.0,,,,,07/01/2021,06/30/2024
